-101|a következő pont érinti ..|the next point concerns …
-101|a lényeg|the point
-101|a lényegre tér|to get to the point
-101|a napom legnagyobb része|most of my day
-101|a többi|the rest
-101|adózás előtti ár|price before tax
-101|aggódó/érintett|concerned
-101|ajánl|recommend
-101|ajánlattétel/licitálás|bidding
-101|alacsony ár|low price
-101|alapít/létrehoz|to establish
-101|életfontosságú/létfontosságú|vital
-101|alig/aligha|hardly
-101|foglalkoztatni|to employ
-101|áll valamiből|to consist of
-101|állandó/egyenletes|steady
-101|állandó sebesség|steady speed
-101|alvállalkozásba adás/kiszervezés|subcontract
-101|amelyekből|of wich
-101|amióta/azóta|ever since
-101|annak ellenéra/habár|even though
-101|arányos|proportional
-101|aszály/szárazság|drought
-101|átadni egy üzenetet (telefonon)|take a message
-101|Attól tartok van valami más elfoglaltságom van|I'm afraid/I've got something on …
-101|automegosztó rendszer (telekocsi)|car pooling system
-101|az biztos|that is for sure
-101|az elsőnél balra fordúljon|take the first left
-101|az út mentén|along the street
-101|azonnal utánanézek|I will look into it right away
-101|azonnal/rögtön|immediately
-101|azonnal/rögtön|right away
-101|bátorít/biztat/buzdít|to encourage
-101|megrekedni/elakadni/beragadni|to be stuck
-101|becslés|estimation
-101|becsül|to estimate
-101|befőttes üveg (korsó/edény)|jar
-101|beleértve|including
-101|belső tanácsadó|internal consultant
-101|beolt|to vaccinate
-101|bér|wage
-101|beszállító/ellátó|supplier
-101|beszállókártya|boarding pass
-101|beszerel/telepít|to install
-101|beszerzés|procurement
-101|betartani a szabályt|to obey the rule
-101|bevétel/jövedelem|revenue
-101|bio/szerves|organic
-101|bizalom|trust
-101|bizonyosság|certainty
-101|bizonytalanság|uncertainty
-101|biztosít/gondoskodik/szavatol|to ensure
-101|bukás ára|cost of failure
-101|büntetést kap|to get a fine
-101|eléréni a célközönséget|to reach target audience
-101|csalás/becsapás|fraud
-101|cselekszik/lépéseket tesz|to take action
-101|cserébe|in exchange for
-101|cukrászda|confectionary
-101|díj/jutalom|award
-101|dióhéjban|in a nutshell
-101|ebből adódóan/ezért|therefore
-101|eddig/ez ideig|so far
-101|egyedül vagyok|I am on my own
-101|egyéni vállalkozó/maszek|self-employed
-101|együttérez|to sympathize
-101|eladni|to sell
-101|elbocsájtani/elküldeni/leépíteni|to lay off
-101|eldobni|to throw away
-101|elég sürgős|quite urgent
-101|elégedett|pleased
-101|élelmiszer|groceries
-101|elérni/teljesíteni/megvalósítani|to achieve
-101|elfelejteni|to forget
-101|elismernei/felismerni|to recognize
-101|elkötelezett/érintett|engaged
-101|elküldeni/feladni|to dispatch
-101|ellátni/kínálni|to supply
-101|ellenezni|to oppose
-101|elmenni/elhaladni|to go past
-101|előléptetik|be promoted
-101|előny|advantage
-101|előre fizetni/megelőlegezni|to pay in advance
-101|előre vmit./előzetesen|in advance
-101|először/első ízben|for the first time
-101|Eltévedtem|I am lost
-101|elutasítani|to refuse
-101|engedély|permit
-101|engedmény|discount
-101|érdeklődni|to enquire
-101|érdeklődni|to have a query
-101|érint/vonatkozik|concern
-101|erre/ilyen módon|this way
-101|értékesítés fellendítése|boost sales
-101|értékesítő|sales rep
-101|értelmes/ésszerű|reasonable
-101|évtized|decade
-101|ez az én hibám|It is my fault
-101|ezért|that's why
-101|fáj/árt/megsért|hurt
-101|fejleszt|improve
-101|fejlesztés|development
-101|felhajtás/hűhó/fontoskodás|fuss
-101|felszerelés/lehetőség/képesség|facility
-101|feltaláló|inventor
-101|fenntarthatóság|sustainability
-101|fenyeget/riogat|threaten
-101|fenyegetés|threat
-101|fényűzés|luxury
-101|fényűző|luxurious
-101|figyelembe venni/számon tartani|to take into account
-101|fizetés/bér/illetmény|salary
-101|fizetési mód|payment method
-101|foglalkozni valamivel|deal with
-101|fogyatékkal élők|disabled people
-101|fokoz/erősít/fellendít|boost
-101|folgala/elfoglal|occupy
-101|folyosó|aisle (repülőn) (kiejtés: I'll)
-101|folyosó|corridor
-101|fordított|reverse
-101|fuvarozó|carrier
-101|gazdaság|economy
-101|golfpálya|golf course
-101|gondol/feltételez|suppose
-101|gondoskodni|to look after
-101|GPS vevő|satnav
-101|gyalogos|pedestrian
-101|gyapjú|wool
-101|gyárt/termel|produce
-101|gyártó/termelő|producer
-101|habár|although
-101|halom/rakás/kupac|pile
-101|hangsúlyozni|to emphasize
-101|hangszer|musical instrument
-101|harc/küzdelem/harcol/legyőz|combat
-101|hatalmas|enormous
-101|hatóságok|authorities
-101|havi törlesztés|monthly installments
-101|helyettesítés/csere|replacement
-101|hiány|shortage
-101|hírverés/nyílvánosság|publicity
-101|hitel/jóváírás|credit
-101|hitel/kölcsön|loan
-101|Hol találkozzunk?|Where shall we meet?
-101|Hozhatok neked egy italt?|Can I get you something to drink?
-101|hulladék|waste
-101|hűségkártya|loyalty card
-101|időben/jókor|in due time
-101|időközben/addig is|in the meantime
-101|ígér|promise
-101|indít/bevezet/piacra dob|to launch
-101|ingatlan|property
-101|is|as well
-101|Ismersz valakit a cégünktől?|Do you know anybody from our company?
-101|ízesített|flavored
-101|Jártál már a gyárunkban?|Have you been to our factory?
-101|javasol|suggest
-101|jelenlét|presence
-101|jelöl/kinevez|nominate
-101|Jó utad volt?|Did you have a good trip?
-101|jobbra|on the right
-101|jogi követelmény|legal requirement
-101|jól megy|It goes well
-101|jótékonyság/alamizsna/könyörület|charity
-101|káosz/zűrzavar|chaos
-101|kaotikus/zűrzavaros|chaotic
-101|kap (get/receive)|obtain
-101|kár/ártalom/károsít|harm
-101|karbantart/fenntart|maintain
-101|káros|harmful
-101|kártérítés|compensation
-101|kegyetlen|cruel
-101|kellemetlen|inconvenient
-101|kellemetlenség|inconvenience
-101|ken/olajoz/zsíroz|lubricate
-101|képviselni|represent
-101|képviselő|representative
-101|kérem/hadfejezzem be|please let me finish
-101|keres/kutat|seek
-101|keresni vmit.|look for
-101|később beszélünk|speak to you later
-101|készpénzes fizetés|cash payment
-101|kezdeményezés|initiative
-101|Ki hív?/ Ki keresi?|Who is calling?
-101|kiállít|exhibit
-101|kiderül|turn out
-101|kiemel/hangsúlyoz|highlight
-101|kihasznál/kiaknáz|exploit
-101|kihívás|challenge
-101|kiírás/felirat/jelkép/cégér|sign
-101|kimagasló/rendkívüli|outstanding
-101|kínosan érzi magát|feel embarrassed
-101|kiró/kiszab/kivet/kényszerít/előír|impose (tax/rule)
-101|kiskereskedés|retail
-101|kiválasztottak listája|shortlist
-101|költség/kiadás|spending
-101|koncentrál|concentrate
-101|körbe vezet/mutogat|show around
-101|korlátoz|limit
-101|korlátoz/megszorít|restrict
-101|körülbelül/megközelítőleg|approximately
-101|kötelező/előírt|required
-101|követelés/igény|demand
-101|következtetés|conclusion
-101|közgazdaságtan|economics
-101|közönség|audience
-101|különböző/sokféle|varied
-101|különböző/sokféle|various
-101|külső tanácsadó|external consultant
-101|kutatás|research
-101|kütyü|gadget
-101|lakos|resident
-101|látogatói belépő|visitor's pass
-101|leányvállalat/kirendeltség|subsidiary
-101|letértünk a témáról|we are getting off the subject
-101|leül/helyet foglal|take a seat
-101|magába foglal|involve
-101|Majd kereslek|I will get back to you
-101|márka|brand
-101|Meddig érsz rá?|How long are you available?
-101|megengedheti magának anyagilag|afford
-101|megfelel a követelményeknek|meet the requirements
-101|megfelelő|adequate
-101|megfelelő/illő|suitable
-101|megfontol/gondol|consider
-101|meggyőződni/ügyelni/ellenőrizni|make sure
-101|meghalad/túllép|exceed
-101|megjósol|predict
-101|megjósol/előre jelez|forecast
-101|megközelítés/hozzáállás/felfogás|approach
-101|meglehetősen/jelentősen|considerably
-101|megrendelni|to place an 
-101|megszállotja valaminek|obsessed with
-101|megszegni a törvényt|to break the law
-101|megszerez/felvásárol|acquire
-101|megtekintések/nézettség|viewings
-101|megvesztegetés|bribery
-101|melegít|heat
-101|mellette és ellene|pros and cons
-101|menjen egyenesen|go straight on
-101|Mennyi időd van rám?|How much time do you have for me?
-101|mérték/mér|measure
-101|mesterséges|artifical
-101|Mi a célod?|What's your target?
-101|Mikor lenne megfelelő neked?|When would suit you?
-101|mikrohullámú sütő|microwave oven
-101|milyen gyakran|how often
-101|mindazonáltal/ennek ellenére|nevertheless
-101|minőségi/kiváló|high quality
-101|minta|pattern
-101|Mit szólsz…?|What about…?
-101|mondhatok valamit?|can I say something?
-101|Mondjuk|Let's say
-101|mosogató/mosdókagyló|sink
-101|motivációs levél|covering letter
-101|működik|operate
-101|munkaerő toborzó ügynökség|employment agency
-101|munkahelyi út (bussiness trip)|travel for work
-101|Nekem ez rendben van/megfelel.|That's fine for me
-101|nem a megfelelőek|not the right ones
-101|nem bánod ha…|do you mind if …
-101|népszerűsít/előléptet/reklámoz|promote
-101|nevetséges|ridiculous
-101|noszogatás|nudging
-101|nulla (matek)|nought
-101|nulla (sport)|nil
-101|nyerni|gain
-101|nyugdíj|pension
-101|ok/ügy|cause
-101|okol/vádol/hibáztat|blame
-101|önkéntes|volunteer
-101|önkiszolgáló becsekkolás|self service check-in
-101|önző|selfish
-101|öröm/élvezet|pleasure
-101|összefoglaló/visszapillantás|recap
-101|összegezni|sum up
-101|összpontosítani|focus
-101|ösztönzés|incentive
-101|ösztönző|insentive
-101|pad|bench
-101|panaszkodik|complain
-101|piaci rés|niche
-101|pluszban feklszámol szállítási díjat|charge extra for delivery
-101|poggyászengerdmények|baggage allowances
-101|poggyásztúlsúly|excess baggage
-101|polgármester|mayor
-101|pontosan mi a probléma?|What exactly is the problem?
-101|privát út (private trip)|travel for pleasure
-101|probléma/ügy|issue
-101|ragyogás/varázslat|glamour
-101|rajongani valamiért|be crazy about it
-101|raktáron van|be in stock
-101|rámutat/kiemel|point out
-101|reklámkampányt folytat|run an advertisement campaign
-101|reklámkampányt vezényel/folytat|conduct and advertisement campaign
-101|Rendben volt a közlekedés?|Was the traffic okay?
-101|rendszeresen|regularly
-101|rénszarvas|reindeer
-101|részt venni|attend
-101|ritka|rare
-101|ritkán|rarely
-101|rövid távú|short run
-101|sajnálattal hallom|I'm sorry to hear that
-101|sajnálom/ezt nem hallottam|Sorry, I didn't catch that
-101|sajnálom/lemaradtam|Sorry, I am not with You
-101|semmi értelme|there is no point in + verb+ing
-101|sorompó|barrier
-101|szabadidő/pihenés|leisure
-101|szabadidős tevékenység|leisure activity
-101|szájról szájra|word of mouth
-101|számos vmi.|a number of
-101|széles|wide
-101|szembesül|face
-101|személyiség|personality
-101|személyzet|staff
-101|szemét|rubbish
-101|szemléltető eszköz|visual aids
-101|szennyez/fertőz|contaminate
-101|szennyeződés/fertőzés|contamination
-101|szigorú|strict
-101|szigorú ellenőrzés|strict control
-101|szilveszter|New Year's Eve
-101|színlel|pretend
-101|szívesen|it's a pleasure
-101|szokásos|usual
-101|szokatlan|unusual
-101|szolgáld ki magad|help yourself to
-101|szórakoztató|entertaining
-101|szoros/szűk/keskeny|tight
-101|szorosan együttműködni|work closely with
-101|találmány|invention
-101|tanács|advice
-101|tanács/tanácskozás|council
-101|tanácsadó|consultant
-101|tanácsol|advise
-101|társadalom|society
-101|tart/eltart (időben)|last
-101|tartalék|reserve
-101|telephely/birtok|premises
-101|teljesíteni a célt|meet the target
-101|teljesítmény|performance
-101|teljesítmény/megvalósítás|achievement
-101|temetés|funeral
-101|tengerentúli|overseas
-101|térjünk a lényegre|let's get to the point
-101|térjünk az üzletre|let's get down to business
-101|termék|product
-101|terület/mező|field
-101|tervezet/vázlat|scheme
-101|tessék|here you are
-101|többlet|surplus
-101|többlet költségek|additional charges
-101|toboroz|recruit
-101|tovább léphetünk?|can we move on?
-101|tudatni valakivel (értesíteni)|to let somebody know
-101|tudatosság|awareness
-101|Tudnád részletezni?|could you be more specific?
-101|tudomásom szerint/amennyire tudom|as far as I know
-101|ugyanaz az ok|same reason
-101|ugyanilyen fontos|equally important
-101|ügyfélszolgálat|customer care
-101|új üzletet vonzani|attract new business
-101|újszerű|innovative
-101|ural|dominate
-101|utalvány/kupon|voucher
-101|utánad|after you
-101|útbaigazítást kér|Ask for directions
-101|valaminek következtében/alapján|due to
-101|válasz|response
-101|választék|range
-101|választék|range of products
-101|valószínű|likely
-101|vám|customs
-101|Van még valami dolga ?|Do you have any other arrangement?
-101|védjegy|trade mark
-101|vendéglátás/vendégszeretet|hospitality
-101|versenyképesnek maradni|remain competitive
-101|versenyképesnek maradni|stay competitive
-101|vezérel/felügyel/korlátoz|control
-101|vezető/igazgató|executive
-101|villanykörte|light bulb
-101|visszajelzést kap|get feedback
-101|visszatérhetünk erre később?|can we get back to that later?
-101|visszatérít|refund
-101|vita/vitatkozik|debate
-101|vonz|attract
-101|zajlik/történik|take place
-101|zsúfolt/tömött|crowded
-1|alapanyag|raw material
-1|beépülés |BOM (Build of Materials)
-1|cég/vállalat|corporation
-1|címke|label
-1|doboz|box
-1|félkész|semi-finished
-1|gyár|plant/factory
-1|Kereskedelmi és Ipari kamara|chamber of commerce and industry
-1|készlet|stock
-1|készleten lenni|to be in stock
-1|késztermék|ready-made
-1|kiskereskedő/viszonteladó|retailer
-1|KKV|Small and medium-sized enterprises (SMEs)
-1|lassan mozgó készlet|slow-moving stock
-1|leltár|inventory
-1|melléktermék|side product
-1|multinacionális cég|multi/multinational company
-1|raklap|pallet
-1|sarokcímke|corner-label
-1|selejtezni|to scrap
-1|szállítószalag|conveyor (belt)
-1|törzsadat|master data
-1|üzem|shopfloor
-1|villástargonca|fork-lift
-1|villástargonca vezető|fork-lift driver
1|a fennmaradó idő alatt..|for the rest of time
1|a virus második hulláma|second wave of virus
1|adománygyűjtés|fundraising
1|alig/szinte soha|hardly ever
1|áll valamiből|to consist of
1|anyanyelvi|native speaker
1|Azt szeretném ha te csinálnál valamit|I want you to do something
1|bárhonnét|from anywhere
1|betekintés|sneak peeks
1|bizalom|confidence
1|büszke|proud
1|céget vezetni|to run a company
1|cserél|to swap
1|dolgozni|to work in|0
1|dolgozni vele|to work with|0
1|egy sor üzletből|from a range of businesses
1|elérni a céljaidat|achieve your goals
1|ellenzék|opposition
1|előadás|lecture
1|Én akarok valamit csinálni …|I want to do something …
1|Érdekesen hangzik!|That sounds interesting!
1|esemény|event
1|felülvizsgálni|to oversee 
1|finanszíroz|to fund
1|fő szponzor(ok)|main sponsor(s)
1|foglalkozni valamivel|to deal with
1|folyamodni valamiért|to apply for
1|Had mutatkozzak be!|Let me introduce myself
1|helyesen elkölteni|well spent
1|helyi médiafelvétel|local media recording
1|hétvégente|at weekends
1|hópihe|snowflake
1|hosszú ideje|for a long time
1|Igaz?|Is that right?
1|Jobb később mint soha.|Better late than never.
1|Kérlek ismételed meg!|Could you repeat that please!
1|kétség|doubt
1|kezelni valamit|to handle
1|kiállítás|exhibition
1|kisebbség|minority
1|kitűző|badge
1|lehetőség|opportunity
1|lemond|back down/resign
1|létrehoz egy üzletet/céget|to set up a business/company
1|magabiztos/önbizalommal telt|confident
1|Magyarország melyik részéről jössz?|Which part of Hungary do you come from?
1|megjelenik/felbukkan|to turn up
1|minden nap egy bizonyos időpontban|a certain time each day
1|munkám nagyrésze|most of my work
1|nagyjából|roughly
1|néha/ritkán/alkalmanként|occasionally
1|nyilván valóan|obviously
1|örökség|heritage
1|Örülök, hogy megismertelek.|It was nice meeting you.
1|összállni|to team up with
1|osztályoz/minősít|to grade (gradebook)
1|pár hete|a couple of weeks ago
1|Pontosan mit is csinálsz?|What do you do exactly?
1|reklám|advertising
1|reklámkampány|advertising campaign
1|részt vesz|to attend
1|rokon|relative
1|sajnos|unfortunately
1|Sokat dolgozom.|I work a lot…
1|szabadúszó|freelancer
1|szakosodik|to specialize in
1|Szeretném bemutatni|I want you to meet <<NAME>>/my colleague
1|Szeretném, ha kapcsolatban maradnánk.|I would like to keep in contact.
1|Szerintem még nem találkoztunk|I don't think we have met before.
1|Szólits Lacinak!|Please call me, Laci!
1|Szomorúan hallom.|I'm sorry to hear it. I'm sorry to hear that ....
1|tárgyalás|negotiation
1|távol otthontól|away from home
1|területi menedzser|area manager
1|többség|majority
1|unokahúg|niece
1|valamiért felelős|to be responsible for/to be in charge of
1|Valóban?|Really?
1|Várom hogy halljak rólad|I look forward to hearing from you.
1|verseny (üzleti életben)|competition
1|vizsgálat|inquiry
1|vonzani/bevonzani|to attract
2|-|dash
2|_|underscore
2|'A'' mint alma|A as in apple / ''A'' for apple
2|'A'' nem ''E''|'A'' not ''E''
2|akarom|I want to
2|alig várom|to look forward to + ing
2|beleegyezik|agree to
2|ebben a pillanatban|right now
2|Eddig jól megy|so far so good
2|egyedül|on my own
2|elhatározni/dönteni|to decide to / I decided to study.
2|előbbre van|to be ahead
2|éppen itt|right here
2|érdeklődni|to be interested in + ing / to enquire
2|éves|annual
2|éves szabadság|annual leave
2|Ez igen kedvező körülmény.|There are favorable circumstances.
2|ezek után|afterwards
2|Felejtsd el!|Forget about it!
2|feltételezni|to assume
2|felvennni (telefont)|to answer the phone
2|Hagyd rám!|Leave it with me!
2|határozott|firm
2|házastárs|spouse
2|házi munka|housework
2|hétköznapi/átlagos|ordinary
2|hiányzik|to be absent
2|Holnap nem leszek bent|I'm away tomorrow
2|horkolni|to snore
2|idősebb családtag|elderly relative
2|kezdjük előről|let's start it again
2|körülmények|circumstances
2|le van maradva|to be behind
2|lecsúsztatni az időt|to take time off lieu
2|Majd kereslek|I'll get back to you
2|Megadnád az adatait?|Could you give me her/his details?
2|megfelelő|appropriate
2|Megismételnéd?|Can you say that again?/Can you repeat it?
2|Megkaphatom a számát?|Can I have his/her number?
2|Mi a web lapod?|What is your web address?
2|naptári ünnep|public holiday
2|nincs más választásom|I have no other choice
2|nyáj immunitás|herd immunity
2|Oké|Yes, absolutely.
2|Oké|Yes, no problem.
2|Oké|Yes, sure.
2|Oké, azt hiszem.|Yes, I suppose so.
2|örömet okoz|to be pleased to
2|orvosi igazolás|medical certificate
2|összefoglalni|to recap
2|összegezni|to sum up
2|pályázó|applicant
2|szeretném|I would like to
2|szerződési feltételek|terms and conditions
2|széthullik|to fall apart
2|szigoruan tilos|strictly prohibited
2|szívesen csinálni|to enjoy + ing
2|távollétem alatt|during my absence
2|TB|social security
2|térd|knee
2|tervez/szándékozik|intend to
2|tervezni|to plan to
2|tiltakozó|protester
2|tisztázni valamit|to clarify
2|toborzás|recruitment
2|törvény szerint|according to the law
2|törzsidő|core hours
2|törzsnap|core day
2|Tudod az email címét?|Do you have his/her email address?
2|valakit értesíteni valamiről|to keep somebody informed
2|vele jár/magában foglal|to involve + ing
3|2 hete|two weeks ago
3|adat|figures
3|arról számoltak be|reportedly
3|átnézni|to review
3|béremelés|pay rise
3|Büszke vagyok magamra|I'm proud of myself.
3|csapatmunka|teamwork
3|dél időpont|noon
3|Egészségügyi szolgáltatás UK-ben|NHS (National Health Service)
3|ér valamennyit|be worth
3|foglalkozás|occupation
3|forgatókönyv/terv|scenario
3|gyorsteszt|rapid test
3|határidő|deadline
3|háztartás|household
3|holnap után|the day after tomorrow
3|hosszan támogatott (pl.: szoftver)|LTS (Long Term Support)
3|hosszútávú|long-term
3|időről időre|from time to time
3|irodaszer|stationery
3|jövő hét után|week after the next
3|készség|skill
3|Királyi|Royal
3|költségvetés/büdzsé|budget
3|kordinálni|to coordinate
3|legelső|first-ever
3|meeting célja|purpose of the meeting|0
3|Működik, mint a karikacsapás|It works like charm.
3|munkanélküli|unemployed
3|napra készre hoz|to update
3|nézőpont|point of view
3|pékárú|bakery
3|rövidtávú|short-term
3|Sínen van / Újra sínen van|to be on track / to be back on track
3|stratégia|strategy
3|Szégyenlem magam|Shame on me.
3|szint, fokozat, stádium|stage
3|tegnap előtt|the day before yesterday
3|temető|cemetery
3|türelmes|patient
3|ütemterv|schedule
4|20% 1/5 egy ötöd|a fifth
4|25% 1/4 egy negyed|a quarter
4|33% 1/3 egy harmad|a third
4|50% 1/2 fél|(a) half
4|66% 2/3 két harmad|two-thirds
4|75% 3/4 három negyed|three-quarters
4|9-től 5-ig dolgozik|He has a nine to five job.
4|A fő előnye az …|The main benefit is…
4|alacsony minőségű|low-quality
4|általános iskola|primary school/elementary school
4|átadni valamit|to hand over something
4|átlagos|average
4|az időben valamikor/egyszer|once
4|Az új rendszer sokkal ...|The new system will be much…
4|bátorít|to encourage
4|befektetés|investment
4|befektetői csoport|investor group
4|beoltani|to vaccinate
4|beosztott|subordinate
4|bizakodónak lenni valamivel kapcsolatban|to be hopeful about
4|biztonságos|secure/safe
4|bonuszt adni|to give bonus
4|csak egy kicsit kevesebb|just a little bellow
4|csatár|striker
4|csoda|wonder
4|egész életemben|all of my life
4|Egy másik hasznos funkció…|Another useful feature is…
4|egy mérföldön belül|within a mile
4|egy órán belül|within an hour
4|egyértelműen/minden bizonnyal|definitely
4|egyetem|university/college
4|egyszerű|simple
4|elavult|old/out of date
4|elhagy|to abandon
4|elkerülő út/körgyűrű|ring-road
4|előny|advantage, benefit
4|eltereli a figyelmet/megzavar|to distract
4|emlékeztető|reminder
4|Engedd meg, hogy…|Allow me to…Let me…
4|érett/megfontolt/meggondolt ember|mature
4|erősen ajánlott|highly recommended/strongly recommended
4|esküdni/káronkodni|to swear
4|étel|food/meal
4|felemelni a hangom|to raise up my voice
4|felhasználóbarát|user-friendly
4|főleg/különösen|particularly
4|grafikon|graph
4|gyenge minőségű|poor quality
4|gyenge teljesítményű emberek|people with poor performance
4|gyorsan|quickly|0
4|habozni (tétlenkedni)|to hesitate
4|hasonló|similar
4|használhatatlan|useless
4|hatékony|efficient
4|hátrány|drawback/disadvantage
4|helyi deviza|local currency
4|helytelen/rossz/téves|incorrect
4|hírnév|reputation
4|hitelt felvenni|to take out a loan
4|hosszú hétvége|long weekend|0
4|hullámvölgyek|ups and downs
4|időrabló/időigényes|time-consuming
4|időrés/időszak/időtartalma|time slot
4|Igaz, de…|That's true, but…
4|injekció|injection
4|ismerős|familiar
4|Isten műve!|Act of God!
4|jellemzők|features
4|jócskán több|well over
4|kapus|goalkeeper
4|kártyádat megterheljük|your card will be charged
4|kényelmes/megfelelő|convenient
4|későn érkező|latecomer
4|kicsit több|little over
4|Kit érdekel?|Who cares?
4|kiváló minőségő|high-quality
4|könnyen kezelhető|handy/easy-to-use
4|körülbelül|about/circa/around/approximately
4|Körülbelül egy tucat emberre lesz szükségem a projekthez|I need about a dozen people for the project.
4|Körülbelül száz vendégünk volt.|We had a hundred guests or so.
4|közben/eközben|meanwhile
4|középiskola|secondary school
4|középiskola (USA)|high school
4|lecsökkenti a várakozási időt|reduce the waiting time
4|legfrisebb|most recent
4|legközelebbi|the nearest
4|legroszabb része a munkámnak|the worst part of my job
4|megérdemelni|to deserve
4|megfelel nekem|that suits me
4|megsérteni valakit|to hurt someone/to offend someone
4|mély levegőt venni|to take a deep breath
4|merni|to dare
4|Mi történik ha…|What happens if …
4|naprakész|up-to-date
4|négy szem közt|between four eyes/between you and me
4|nehézkes használni|difficult-to-use
4|nem biztonságos|unsafe
4|Nem vagyok meggyőződve arról, hogy…|I'm not convinced that…
4|nincs mentség|no excuse for
4|Nyugi!|Take it easy!
4|oltás|vaccination
4|önálló/független|independent
4|összeségében (mondat elején)|overall
4|összeveszni|to fall out
4|palacsinta|pancake|0
4|panaszkodni|to complain|0
4|példakép|Role mode / idol
4|pincérnő|waitress|0
4|pletykálni/traccsolni|to gossip
4|pontos/precíz|accurate
4|rangsorolni|to rank
4|reményteljes|hopeful
4|részvényes|shareholder
4|rosszul megtervezett|badly-designed
4|roszabb|worse|0
4|sok időt elvesz a napomból|take up more of my day…
4|sokkal kevésbé|a lot less
4|sonka|ham|0
4|szabad idő|pastime/spare time
4|szabad idős tevékenység|pastime/spare time activity
4|szembenézni|to face
4|szemtől szemben|face to face
4|szokás szerint|as usual
4|szórakozás|entertainment
4|tárolni|to store
4|tároló|storage
4|tartós|long lasting
4|tehetség|talent
4|tehetséges|talented
4|törtek/töredék|fractions
4|ügyeletet tartani|to be on duty
4|unatkozni|to be bored
4|valami ilyesmi|something like/or so/things like that
4|végül|eventually
4|vitatott|controversial
4|XXI. század|twenty first century|0
5|(politikai) botrány|(political) scandal
5|a probléma megoldásának általános módjai|common ways to fix the problem
5|a semmiből (pl.: újat alapít fel)|from scratch
5|A vevőnek mindig igaza van.|The customer is always right.
5|alap/alapelv/elv|principle
5|általános módon|common way
5|angol óra|English class/English lesson
5|anyagáramlás-szabályozás|material flow control
5|apropó/mellesleg|by the way
5|az éjszaka közepén|in the middle of the night
5|beleértve|including / Something included
5|Beszélnünk kell valamiről!|We need to talk about something!|0
5|cikk (valmiről)|article (about)
5|Csak rajta|Go ahead
5|díjat felszámítani|to charge
5|elégedett|satisfied
5|elégedettség|satisfaction
5|elhárítani/elkerülni|to avoid
5|elmagyarázni|to explain
5|Előrehozni|to bring forward
5|elvárás|expectation
5|ember|person|0
5|emberek|people|0
5|Erőn felül teljesítni|go the extra mile
5|Ez már nem működik. (Tönkre ment)|It doesn't work anymore.
5|'Ez minden.'' Lezárjuk a témát (pont pont pont)|That's all. (full stop)
5|ezen kívül|other than that
5|fejjel lefelé/felfodítva|upside down
5|felolvasni|to read out
5|fogyasztó|consumer
5|gondoskodás|care
5|gondoskodik valamiről|to look after
5|gondoskodó|caring
5|gyakori kifejezések|common expressions
5|Hátrább tenni|to move back
5|hűség/lojalitás|loyalty
5|hűséges|loyal
5|időben tart|to last
5|időérzék|sense of time
5|Időpontot megbeszélni|to fix a date
5|ingyen|for free
5|iránymutató/utmutató|guide
5|képviselő (üzlet, nem parlament!)|rep
5|Későbbre tehetnénk?|Can we make it later?
5|kézbesítés/kiszállítás|delivery
5|kielégíteni|to satisfy
5|kiépíteni a vásárlói hűséget|to build customer loyalty
5|kimerült|exhausted
5|kiszolgálni|to serve
5|kiváncsi|curious
5|követelmény|requirement
5|Közbejött valami.|Something has come up
5|lecke|lesson|0
5|leszervezni egy meetinget|to arrange a meeting
5|Mai nap nem jó.|Can't make it today.
5|meggyőződni valamiről|to make sure
5|megjelenik/feltűnik|to appear
5|megkövetelni|to require
5|megszabadulni valamitől|to get rid of something
5|megterhelő/stresszes|stressful
5|megvárakoztatni|to keep (you) waiting
5|minden egyes nap|every single day
5|Mit szólsz …|What about …
5|Ne aggódj! Aggodalomra semmi ok!|Not to worry!
5|néhány évente|every few years
5|Nem bírom…/ Ki nem állhatom…|I can't stand (that music) / I can't tolerate…
5|Nem érdekel!|I don't care
5|Nem megfelelő számomra|I can't make it.
5|Nem törödöm vele!|I don't care about him.
5|nincs készleten|to be out of stock
5|panasszal foglalkozni|to deal with a complaint
5|panasz|complaint
5|pazarolni/vesztegetni az időt|to waste time
5|pénzügyi forgalom|turnover
5|Remélem!|I hope so
5|stresszes nap|stressful day
5|szabad nap|day off
5|szállítani/kiszállítani|to deliver
5|szándékában áll|to intend + ING
5|Szerda megfelel neked?|Does Wednesday suit you?
5|szolgáltatás|service
5|tanú esküvön|best man
5|téma|topic
5|termelés|production
5|termelni|to produce
5|termelő/produktív|productive
5|törődni|to care
5|törődni valamivel|to care about
5|tűnik valamielyennek|to appear to be (sad)
5|ügyfél|client
5|ügyfél elégedettség|customer satisfaction
5|valaki/valami szerint|according to the …
5|valószínűleg|probably
5|várakozáson felül|beyond expectation
5|várt/elvárt|expected
5|vásárlói hűség|customer loyalty
5|vevő|customer
5|zsinór/vezeték|cord/cable
6|(helyi) különlegességek|(local) specialties
6|(két) év múlva|in (two) years' time
6|alapos|thorough
6|automata|vending machine
6|bejelentkezni|to check in
6|előadóterem|auditorium
6|Erre gyere|come this way
6|felfrissíteni (valakit)|to freshen (someone) up
6|felszedni valakit kocsival|to pick somebody up
6|felszerelés|facilities
6|felvenni valamit a földről|to pick up
6|Győzödjön meg róla, hogy a kártya mindig Önnél van.|Make sure you keep your badge on you all time.
6|helyi különlegesség|local specialty
6|helyszín|venue
6|Hozhatok egy kávét?|Can I get you a coffee?
6|kérem, fejtse ki részletesebben|Could you give me more details?
6|kiállítási központ|exhibition center
6|kint enni (étteremben enni)|to eat out
6|kirakni/kidobni kocsiból|to drop (someone) off
6|kirándulás|excursion
6|körbe vezet valakit pl cégben|to show (someone) around
6|körülnézni|to look around
6|küldött|delegate
6|Nehezen találtak meg minket?|Did you have any trouble finding us?
6|Örülök, hogy személyesen találkoztunk.|It's nice to meet you in person.
6|összeszerelni|to assemble
6|reptéri bus|shuttlebus
6|részt venni egy eseményen|to attend an event
6|sétány|avenue
6|stand|stand
6|szétszedni|to dismantle
6|szétszerelni|to disassemble
6|szórakoztat|to entertain
6|találkozni valakivel|to meet up with (somebody)
6|talpnyaló(hízelgő)|bootlicker
6|toborozni|to recruit
6|túlozni|to exaggerate
6|utazás (hosszú pl kirándulás)|journey
6|utazás (rövid)|trip
6|utazni|to travel
6|üzleti út|business trip
6|városnézés|sightseeing
6|vásár|trade fair
7|alap/alapvető|basic
7|áldozat|victim
7|egy tanulmány szerint|according to a study
7|eljárás|procedure
7|figyelembe venni valamit/fontolni/megfontolni|to consider
7|Figyelmeztetés|warning
7|frissíteni|to update/to upgrade
7|hangosabban beszélni|to speak up
7|Hol található a cég?|Where is the company based?
7|hús|meat
7|internet szolgáltató|internet provider
7|költség megtakarítás|cost saving
7|Köszönöm mindenkinek, hogy eljött.|Thank you everyone for coming.
7|Közbe szólhatok?/Kérdezhetek valamit?|Can I come in here?
7|kút|water well
7|megelőzni/megakadályozni|to prevent
7|Mindent átbeszéltünk.|That covers everything.
7|Nem működik a weboldal.|The webpage is down.
7|non-stop|24/7 (twenty-four seven)
7|sérülékeny|vulnerable
7|személyes okok|personal reason
7|támadni|to attack
7|valaminek a hiánya miatt|lack of something
7|Van még kérdés mielőtt befejezzük?|Are there any question before we finish?
8|3 részre oszlik|It is divided into three parts
8|bevallani/beismerni|to admit
8|cél|target/aim/goal/purpose
8|cserébe|in return for
8|egy feltétellel teszem meg|I'll do it on one condition
8|elvárni/számítani valamire|to expect
8|érvek és ellenérvek|the pros and cons
8|Ez a vonal azt jelzi|This line indicates
8|felelős valamiért|to be charge of
8|Felfelé mutató tendencia|Upward trend
8|Felhívnám a figyelmét|Draw your attention to
8|időkorlát|time limit
8|Jó formában van (fizikálisan)|to be in good shape|0
8|jutalék|commission
8|kamat|interest rate
8|kamatvágás|interest rate cut
8|különös tekintettel|Notice in particular
8|Lefelé irányuló trend|Downward trend
8|legkésőbb holnap|tomorrow at the latest
8|megengedheti magának|to afford
8|nagy felhajtást csinál valami miatt|to make a fuss about something|0
8|nem éri el a célját|to fail reach the target
8|nem valószínű, hogy|it is unlikely
8|osztalékot fizetni|to pay out dividend
8|pénzt szerezni/gyűjteni|to raise money
8|pénzügyi előrejelzés|financial forecast
8|saját tőke vagy részvény?|equity
8|tőke|capital
8|vállalkozó|entrepreneur/self-employed
9|árajánlat|quotation/quote/price offer
9|Az igazat mond!|Tell the truth
9|bemutatóterem|showroom
9|benzinkút|petrol station
9|biztosítás|insurance
9|egyedi szolgáltatást nyújtani|to provide a unique service
9|Elmesélni egy történetet|Tell a story
9|Ennek nem örülök.|I'm not happy about it.
9|eredet|origin
9|eredeti ország|country of origin
9|feladni/elküldeni|to dispatch
9|függ valamitől|to depend on sg.
9|Hazudj!|Tell a lie
9|kérésre|on request
9|készleten tart|to keep in stock
9|készletet felhalmoz|to stock up on something
9|kezd kifogyni|to run low on
9|kézzelkészített|handmade
9|kifizetetlen|unpaid
9|kifogyott|to run out
9|közvetítő|middleman
9|leszervezni, megszervezni|to arrange
9|megsérül(árú)|to get damaged
9|nyomon követni|to keep track
9|önkiszolgáló|self-service
9|rendelés alatt|to be on order
9|sűrgősen|urgently
9|szállításiköltség|cost of transportation
9|szerző|author
9|tankolni|to fill the tank
9|tároló|container
9|távoli terület|remote area/region
9|tinta patron|ink cartridge
9|törzs(népcsoport)|tribe
9|törzsvásárló|regular customer
9|tulajdonképpen, valójában|in fact
9|uticél|destination
9|valami helyett|instead of
9|fertőzött|infected
9|rossz dolgok történnek|bad stuff happens
9|kiberbűnözés|cybercrime
9|adatlopás|steal data
9|tapasztalat|experience
9|biztonságos|secure
9|nézőpont|viewpoint
9|készségek|skills
10|tud valamiről|to be aware of
10|kiválló állapotban/kiválló állapotú|in excellent condition 
10|törödni valakivel|to take care of someone, to look after someone.
10|ledönteni a falakat|to knock down the walls
10|megszabadulni valamitől|to get rid of something
10|tágas|spacious
10|nyitott irodák|open plan offices
10|bátorít|to encourage
10|valószínő|likely
10|valószínőtlen|unlikely
10|folyosó|corridor
10|összeköt valamit|to link
10|stresszmentes|stress-free
10|teljesen felszerelt|fully equipped (with)
10|bemutató terem|show room
10|ivóvíz|drinking water
10|szünetet tartani|to take a break
10|vészkijárat|fire exit, emergency exit
10|Fentartásom van|I have reservation about something
10|kísérlet|experiment
10|viselkedés|behaviour
10|szokás|habbit
10|növelni|to increase
10|csökkenteni|to decrease
10|eredmények|findings
10|nem feltétlenül|not necessarily
10|jó teljesítmény elismerése|recognition of good performance
10|munkahelyi biztonság|job security
10|egyedül, magamtól|on my own
10|óriási\hatalmas|enormous
10|Mit szólnál hozzá...ő|What about + ING\How about + ING
11|Maradj nyugodt!|Keep cool!
11|KATA-szabályozás\megszorítás|KATA regulation
11|Adóhivatal|TAX office
11|főhadiszállás|HQ, headquarters
11|Meg kellene fontolnunk ..|We should consider + ING... (doing overtime)
11|a felmérés\kutatás eredményei|findigs of the survey\reserch
11|cél|goal\aim\target\purpose\object
11|szoros határidő|tight deadline
11|jól megvilágított|well lit
11|megfelelő fényviszony|suitable lightning
11|eldönteni|to make up your mind
11|nagy rendelés|large order
11|elkerülni valamit|to avoid something
11|figyelmen kívül hagyni valamit|to ignore something
11|meghozni a végső döntést|to reach the final decision
11|nagykereskedő|wholesaler
11|tanácsadás, tanácskozás|consultation
11|konszenzus, egyetértérés|consensus
11|szembesítése, nézeteltérés|confrontation
11|áthelyezni|to relocate
11|hátrány|downside
11|telephely|premises
11|nyilvánvalóan|obviously
11|háziorvos|general practitioner (GP)
11|csődbe menni|to go bankrupt
11|kirendeltség, fióktelep, ág|branch
11|cserébe|in return
11|megbánni|to regret
11|Megegyeztünk.|It's a deal.
11|bűnbak|scapegoat
11|folytatni|to carry on
11|nyomást gyakorolni valakire|to put pressure on someone
11|szakszervezet|trade union
11|bizalmas|confidential
12|fenntartási vannak|to have some reservations about
12|jelölni|to nominate
12|kirendelt védőügyvéd|public defender
12|sok sok évvel ezelőtt|many years ago
12|ötlet, koncepció|concept
12|forradalmasít|to revolutionise
12|akadály|obstacle
12|fenntarttani|to maintain
12|előáll valamivel|to come up with
12|túlélés|survival
12|céget alapít|set up a company
12|valamivel működik|to run on something
12|gyártás|manufacture
12|nyugdíjba menni|to retire
12|éves esemény|annual event
12|dícsérni|to praise
12|le van nyűgőzve|to be impressed
12|legújabb technológia|state of the art
12|megbízhatóság|reliability
12|megérdemelni, rászolgálni|to deserve
12|fő ok|the main reason
12|Köszönöm, hogy eljöttél|Thanks for coming
12|észrevétel|notice
12|résztvevő|participant
12|társasjáték|board game
12|rövidítés|abbreviation
12|lenyűgőző|stunning
12|valaminek a rabja lenni|to be addicted to something
12|Merem állítnai...|I dare say...
12|fenyőfa|pine tree
12|ok|reason
12|őrült|insane
12|foci pálya|football pitch
12|látányos, festői|scenic
12|csúcs|peak
12|megragadni valamit|to grab
12|furcsa|odd
13|költségcsökkentés|cost cutting
13|legújabb\legkorszerőbb technológia|state-of-the-art
13|nyilvánosság|publicity
13|hiba|defect
13|okozni|to cause
13|visszahívni|to recall
13|visszatérít|to refund
13|félreértés|misunderstanding
13|belső kommunikáció|internal communication
13|valaminek köszönhetően|due to
13|elkerülni a hibákat|to avoid mistakes
13|ragasztani|to stick
13|véletlenül|accidentally
13|kiömleni|to pour
13|part|coast
13|kár|damage
13|kártérítés|compensation
13|felad|to resign
13|elismerni a hibát|to admit the fault
13|kirúgni|to sack
13|leszidni valakit|to tell somebody off
13|kijön valakivel|to get on with somebody
13|pletkya|rumour
13|lakat a számon|my lips are sealed
13|Mi a baj?|What's the matter?
13|Mi bajod van?|What's wrong with you?
13|Értem mire gondolsz.|I see what you mean.
13|Mit értesz azalatt, hogy...?|What do you mean by...?
13|összeomlani|to crash
13|kiváltó ok|the root cause
13|tényleg\valóban érdekes|interesting indeed
14|futár|courier
14|halom\nagyon sok|a pile of \a pile of bills
14|csökkenteni|to reduce\to cut down on
14|kidobni\eldobni|to discard\to throw away
14|átalakítani|to transform\to turn into
14|elszállítani|to remove\to take away
14|céget alapítani|to start(a new business)\to set up
14|kiválasztani |to select\to pick out
14|összegyűjteni|to collect\to pick up
14|csinál valamiből valami újat|to create from\to make something out of something
14|regisztrálni|to register\to sign up
14|hulladék|waste
14|szemét|rubbish
14|leadási pont|drop-off points
14|alapötlet|basic idea
14|folyadék|fluid\liquid
14|megújuló|renewable
14|mellék termék|by-product\side product
14|tároló|container
14|nyereséges|profitable
14|ehető|edible
14|hozzáállás\megközelítés|approach
14|rendszeres|regular
14|hatékonyság|efficiency
14|esemény zajlik|take place
14|öntapadós jegyzetek|sticky notes
14|bejelenteni|to announce
14|szavazat|vote
14|hüvelykujj felfelé\lefelő (like\dislike)|thumb up\down
14|kifogyni valamiből|to run out of something
14|Ennyi|Thats it.\Thats all.
14|sajtóbemutató|press launch
14|más szavakkal|in other words
14|lényegében|essentially
14|következő lépés|next stage
14|kemény\szívós|tough
14|Beszélj hangosabban!|Speak up!\Could you speak up!
14|Nem vagyok biztos bent, hogy tudlak követni.|I'm not sure I can follow you.
14|Őszintén szólva (kell példa rá)|to be honest
14|Őszintén szólva|Frankly
14|Amennyire én tudom|As far as I know
14|A legfrissebb információim szerint|According to my latest information
14|Kérlek beszélj kicsit lasabban.|Please, speak a little bit more slowly.
14|Nyugodtan kérdezz bármit!|Feel free to ask any question!
15|teljesítményt értékelni|to assess performance
15|stabil|stable
15|teljesítményt mérni|to measure success
15|hozzáad valamit/hozzátesz|to add something/for example: I would also like to add that...
15|végzettség|qualification
15|a hónap dolgozója|employee of the month
15|vegyes tanulási módok|blended learning (mixing face-to-face and online)
15|jól ismert|well-known
15|elkötelezettség|dedication
15|motivált|highly motivated
15|bevezetni valamit/piacra dobni|to launch
15|kivételes|exceptional
15|magabiztos|confidence
15|ezen kívül/továbbá|in addition/besides/furthermore 
15|rugalmasság|flexibility
15|dicsérni|to praise
15|szorgalmas|hardworking
15|lelkesedés|enthusiasm
15|lelkes|enthusiastic
15|türelem|patience
15|megértő|understanding
15|jutalmazni|to reward
15|pontos|punctual
15|teljesítmény értékelés|performance appraisal 
15|állásra jelentkezni|apply for a job
15|leányvállalat|subsidiary
15|összességében|overall/on the whole/all in all
15|általában|in general/generally
15|célt kitűzni|set an objective
15|kielégító|satisfactory
15|célt elérni|achievement
15|határozatlan szerződés|permanent contract
15|befejezni egy feladatot|complete a task
15|elégedett vagyok valamivel|to be happy with sg
15|fejlsztésre szorulo terület|area for improvement/for exapmle: My English grammar is an are for improvement.
15|Az angol nyelvi ismertem fejlestésre szorul.|There is room for improvement regarding/concerning/in terms of my English grammar.
15|Ez hogy hangzik?/Milyennek tűnik?|Who does that sound?
15|környezetbarát|environmentally-friendly/green/eco-friendly
15|fentarthatóság|sustainability
15|jog alkotás/törvényhozás|legislation
15|rendelet/szabály|regulation
15|hatáskör/illetékesség|jurisdiction
15|betartja a szabályokat|comply with rules
15|felújít|to refurbish
15|megujuló energia|renewable energy
15|napelem|solar panel
15|megtilt|to ban
15|kerékpárút|cycle path
15|gyalogos övezet|pedestrian-only area
15|lebontani régi épületet|knock down
15|hát/nos|well
15|szállás/szálláshely|accommodation
15|had gondolkodjak egy kicsit|Let me think about it for a moment.
15|Lássuk csak|Well, let’s see.
15|Ha jól tudom|As far as I know…/As far as I remember…
15|Hadd fogalmazzam meg másképpen|Let me put it in another way… /How shall I put it
15|Utolsó információm szerint|According to my latest information….
15|Vezetõség döntése alapján|Based on board decision…
15|Példa|We are going to start the new project on Monday. By the way, I’m going to have Monday off. Anyway Zoli will be available should you have any questions.
15|Ismételten arra kérem, hogy figyeljen oda a...|Again, I do ask you to pay attention to the…
15|Javíts ki, ha tévedek|Correct me if I’m wrong…
15|Van valami "változás"|Are there any updates?
-100|Inni egy italt|Have a drink
-100|Reggelizni|Have breakfast
-100|Pihenni|Have a rest
-100|Ebédelni|Have lunch
-100|Fürdeni|Take a bath
-100|Vizsgázni|Take an exam
-100|Leülni|Take a seat
-100|Kihasználni egy lehetőséget|Take a chance
-100|Elvégezni a munkád|Do your work
-100|Mosogatni|Do the dishes
-100|Jógázni|Do yoga
-100|Vásárolni|Do shopping
-100|Rendetlenséget csinálni|Make a mess
-100|Változást elérni|Make a difference
-100|Megágyazni|Make the bed
-100|Pénzt keresni|Make money
-100|Hazamenni|Go home
-100|Megőrülni|Go crazy
-100|Külföldre menni|Go abroad
-100|Csődbe menni|Go bankrupt
-100|Közel jönni|Come close
-100|Korán jönni|Come early
-100|Elsőnek jönni|Come first
-100|Utolsónak jönni|Come last
-100|Teherbe esni|Get pregnant
-100|Eltévedni|Get lost
-100|Elkészülni|Get ready
-100|Elkezdeni|Get started
-100|Állást szerezni|Get a job
-100|Tudasd velem|Let me know
-100|Hadd gondoljam meg|Let me think
-100|Hadd segítsek neked|Let me help you
-100|Hadd menjek|Let me go
-100|Hadd lássam|Let me see
-100|Jó szórakozást!|Have fun!
-100|Vigyázz magadra!|Take care!
-100|Minden nap|Every day
-100|Reggel|In the morning
-100|Éjszaka|At night
-100|Hétvégén|On the weekend
-100|Például|For example
-100|Egyébként|By the way
-100|Boldognak érezni magát|Feel happy
-100|Szomorúnak érezni magát|Feel sad
-100|Fáradtnak érezni magát|Feel tired
-100|Éhesnek érezni magát|Feel hungry
-100|Betegnek érezni magát|Feel sick
-100|Jobban érezni magát|Feel better
-100|Megtalálni a kulcsaidat|Find your keys
-100|Állást találni|Find a job
-100|Megtalálni a választ|Find the answer
-100|Megtalálni az utad|Find your way
-100|Valami érdekeset találni|Find something interesting
-100|Betartani az ígéreted|Keep your promise
-100|Titokban tartani|Keep the secret
-100|Folyamatosan próbálni|Keep trying
-100|Kapcsolatban maradni|Keep in touch
-100|Formában tartani magad|Keep fit
-100|Hibáidból tanulni|Learn from your mistakes
-100|Új képességet elsajátítani|Learn a new skill
-100|Nézd meg a képet|Look at the picture
-100|Keresd a szemüveged|Look for your glasses
-100|Nagyon várni valamit|Look forward to something
-100|Vigyázni valakire|Look after someone
-100|Utána nézni egy szónak|Look up a word
-100|Vedd fel a cipődet|Put on your shoes
-100|Tedd le a táskád|Put down your bag
-100|Tedd el a ruháidat|Put away your clothes
-100|Elviselni valamit|Put up with something
-100|Erőfeszítést tenni|Put in effort
-100|Mondd, amit gondolsz|Say what you mean
-100|Mondj nemet|Say no
-100|Hozd az esernyődet|Bring your umbrella
-100|Hozz egy barátot|Bring a friend
-100|Visszahozni emlékeket|Bring back memories
-100|Hozni valamit az asztalhoz (hozzájárulni)|Bring something to the table
-100|Megnevettetni a közönséget|Bring the house down
-100|Élelmiszert vásárolni|Buy groceries
-100|Autót venni|Buy a car
-100|Ruhákat vásárolni|Buy clothes
-100|Időt nyerni|Buy time
-100|Venni valakinek egy italt|Buy someone a drink
-100|Megfázni|Catch a cold
-100|Elkapni a buszt|Catch the bus
-100|Elkapni egy tolvajt|Catch a thief
-100|Érzelmeket táplálni|Catch feelings
-100|Felkelteni valakinek a figyelmét|Catch someone's eye
-100|Választani egy színt|Choose a color
-100|Karriert választani|Choose a career
-100|Bölcsen választani|Choose wisely
-100|Választani két lehetőség közül|Choose between two options
-100|Óvatosan megválasztani a szavaidat|Choose your words carefully
-100|Autót vezetni|Drive a car
-100|Munkába vezetni|Drive to work
-100|Őrületbe kergetni valakit|Drive someone crazy
-100|Jó üzletet kötni|Drive a bargain
-100|Változást előidézni|Drive change
-100|Reggelizni|Eat breakfast
-100|Ebédelni|Eat lunch
-100|Vacsorázni|Eat dinner
-100|Étteremben enni|Eat out
-100|Emészd meg (irigykedj)|Eat your heart out
-100|Elfelejteni a kulcsaidat|Forget your keys
-100|Elfelejteni valakinek a nevét|Forget someone's name
-100|Elfelejteni valamit|Forget about something
-100|Elfelejteni a múltat|Forget the past
-100|Elfelejteni megcsinálni valamit|Forget to do something
-100|Ajándékot adni|Give a gift
-100|Tanácsot adni|Give advice
-100|Segíteni|Give a hand
-100|Feladni|Give up
-100|Elvinni valakit kocsival|Give someone a ride
-100|Ajándékot kapni|Get a present
-100|Jegyet szerezni|Get a ticket
-100|Üzenetet kapni|Get a message
-100|Telefonhívást kapni|Get a call
-100|Emailt kapni|Get an email
-100|Pihenni|Get some rest
-100|Aludni|Get some sleep
-100|Előléptetést kapni|Get a promotion
-100|Fizetésemelést kapni|Get a raise
-100|Megöregedni|Get old
-100|Besötétedni|Get dark
-100|Megfázni|Get cold
-100|Megázni|Get wet
-100|Mérgesnek lenni|Get angry
-100|Elfáradni|Get tired
-100|Megbetegedni|Get sick
-100|Jobban lenni|Get better
-100|Összeházasodni|Get married
-100|Hazajutni|Get home
-100|Eljutni a munkahelyre|Get to work
-100|Eljutni az iskolába|Get to school
-100|Eljutni a repülőtérre|Get to the airport
-100|Odaérni időben|Get there on time
-100|Felkelni|Get up
-100|Felöltözni|Get dressed
-100|Túljutni valamin|Get over something
-100|Kijönni valakivel|Get along with someone
-100|Összejönni|Get together
-100|Lazíts, nyugodj meg.|Chill out
-100|Lógni, időt tölteni valakivel.|Hang out
-100|Keress meg, vedd fel velem a kapcsolatot.|Hit me up
-100|Benne vagyok, benne vagyok a buliban.|I'm down
-100|Nem gond, semmi baj.|No problem
-100|Nagyon egyszerű, gyerekjáték.|Piece of cake
-100|Beszélgetni, csevegni.|Shoot the breeze
-100|Mi újság?|What's up?
-100|Nagyon jó vagy!|You rock!
-100|Király!, szuper!|Awesome!
-102|lenni|be was/were been  
-102|enni|eat ate eaten  
-102|inni|drink drank drunk  
-102|menni|go went gone  
-102|aludni|sleep slept slept  
-102|állni|stand stood stood  
-102|ütni|beat beat beaten  
-102|futni|run ran run  
-102|venni|buy bought bought  
-102|adni|give gave given  
-102|tudni|know knew known  
-102|látni|see saw seen  
-102|mondani|say said said  
-102|írni|write wrote written  
-102|olvasni|read read read  
-102|beszélni|speak spoke spoken  
-102|vezetni|drive drove driven  
-102|repülni|fly flew flown  
-102|kötni|bind bound bound  
-102|harapni|bite bit bitten  
-102|fújni|blow blew blown  
-102|törni|break broke broken  
-102|hozni|bring brought brought  
-102|építeni|build built built  
-102|vásárolni|buy bought bought  
-102|elkapni|catch caught caught  
-102|választani|choose chose chosen  
-102|jönni|come came come  
-102|vágni|cut cut cut  
-102|csinálni|do did done  
-102|rajzolni|draw drew drawn  
-102|esni|fall fell fallen  
-102|táplálkozni|feed fed fed  
-102|harcolni|fight fought fought  
-102|találni|find found found  
-102|megtalálni|find found found  
-102|kapni|get got got/gotten  
-102|nőni|grow grew grown  
-102|függeszti|hang hung hung  
-102|birtokolni|have had had  
-102|hallani|hear heard heard
-102|hazudni|lie lied lied  
-102|elrejteni|hide hid hidden  
-102|tartani|hold held held  
-102|sebezni|hurt hurt hurt  
-102|tartani|keep kept kept  
-102|térdelni|kneel knelt knelt  
-102|vezetni|lead led led  
-102|ugrani|leap leapt leapt  
-102|hagyni|leave left left  
-102|kölcsönadni|lend lent lent  
-102|feküdni|lie lay lain  
-102|gyújtani|light lit lit  
-102|elveszíteni|lose lost lost  
-102|készíteni|make made made  
-102|jelenteni|mean meant meant  
-102|találkozni|meet met met  
-102|fizetni|pay paid paid  
-102|tenni|put put put  
-102|olvasni|read read read  
-102|lovagolni|ride rode ridden  
-102|csengetni|ring rang rung  
-102|emelkedni|rise rose risen  
-102|rázni|shake shook shaken  
-102|lőni|shoot shot shot  
-102|mutatni|show showed shown  
-102|zárolni|shut shut shut  
-102|énekelni|sing sang sung  
-102|ülni|sit sat sat  
-102|ölni|slay slew slain  
-102|aludni|sleep slept slept  
-102|csúszni|slide slid slid  
-102|szaglászni|smell smelt smelt  
-102|vetni|sow sowed sown  
-102|beszélni|speak spoke spoken  
-102|költeni|spend spent spent  
-102|terjedni|spread spread spread  
-102|ugrani|spring sprang sprung  
-102|állni|stand stood stood  
-102|lopni|steal stole stolen  
-102|szúrni|stick stuck stuck  
-102|fulladni|sting stung stung  
-102|büdösödni|stink stank stunk  
-102|ütni|strike struck struck  
-102|esküdni|swear swore sworn  
-102|seperni|sweep swept swept  
-102|úszni|swim swam swum  
-102|forgatni|swing swung swung  
-102|tanítani|teach taught taught  
-102|szakítani|tear tore torn  
-102|mondani|tell told told  
-102|gondolni|think thought thought  
-102|dobni|throw threw thrown  
-102|érteni|understand understood understood  
-102|ébredni|wake woke woken  
-102|viselni|wear wore worn  
-102|könnyezni|weep wept wept  
-102|nyerni|win won won  
-102|felhúzni|wind wound wound
-104|Nem sürgős./Nem kell sietni.|There's no hurry.
-104|Fontos/Ez fontos.|It's important.
-104|Ne siess/Végzd nyugodtan.|Take your time.
-104|Csináld, ha lesz időd./Majd, ha ráérsz.|Do it when you have time.
-104|Ezt csináld meg először./Ezzel kezdd.|Do this first.
-104|Ez prioritás./Ez elsődleges.|This is a priority.
-104|Nem sürgős.|It's not urgent.
-104|Nem kell sietni.|No need to rush.
-104|Majd, ha ráérsz.|Do it when you're free.